<application>
  <component name="FileTypeManager" version="18">
    <extensionMap>
      <mapping pattern="Dockerfile.*" type="Dockerfile" />
      <mapping pattern=".node-version" type="PLAIN_TEXT" />
      <mapping pattern="Schemafile" type="Ruby" />
      <removed_mapping ext="pdf" approved="true" type="Native" />
      <removed_mapping pattern="Schemafile" approved="true" type="AUTO_DETECTED" />
      <removed_mapping pattern="Schemafile" approved="true" type="Schemafile" />
    </extensionMap>
  </component>
</application>